SKU,ProductName,Category
SKU-1000,Sharable bifurcated algorithm,Electronics
SKU-1001,User-centric even-keeled encryption,Electronics
SKU-1002,Face-to-face client-driven support,Furniture
SKU-1003,Customer-focused systematic support,Office Supplies
SKU-1004,Quality-focused background parallelism,Office Supplies
SKU-1005,Optimized 5thgeneration algorithm,Office Supplies
SKU-1006,Cross-group didactic emulation,Electronics
SKU-1007,Profit-focused real-time algorithm,Electronics
SKU-1008,Realigned dedicated structure,Breakroom
SKU-1009,Streamlined tangible moratorium,Electronics
SKU-1010,Operative directional knowledge user,Electronics
SKU-1011,Reverse-engineered even-keeled workforce,Electronics
SKU-1012,Adaptive well-modulated workforce,Office Supplies
SKU-1013,Diverse tangible interface,Office Supplies
SKU-1014,Mandatory even-keeled collaboration,Electronics
